1,Gopher,gopher@goolge.com,undefined,active
2,Rob Pike,go.pike@google.com,male,inactive
3,Robert Griesemer,go.griesemer@google.com,male,active
4,Ken Thompson,go.thompson@google.com,male,inactive
11,B.asriyhgvb,pbdj@gmail.com,female,inactive
155,Devani Pothuvaal,pothuvaal_devani@ohara-johnston.name,female,inactive
156,Sen. Bhagwanti Mukhopadhyay,bhagwanti_sen_mukhopadhyay@corkery.biz,female,active
1565,Tenali Ramakrishna,tenali.ramakrishna@15ceetest2.com,male,active
50,Msgr. Subhasini Iyer,subhasini_msgr_iyer@weissnat.info,female,active
51,Mahendra Mukhopadhyay,mahendra_mukhopadhyay@west-conroy.name,female,active
60,Ajeet Jain,jain_ajeet@schneider-boyle.io,male,active
